{
  "group_labels": [
    "",
    "",
    "",
    ""
  ],
  "group_counts": [
    4553,
    336,
    555,
    1068
  ],
  "group_percentages": [
    0.69917,
    0.0516,
    0.08523,
    0.164
  ],
  "stats": {
    "accuracy": 0.86318,
    "precision": 0.76068,
    "recall": 0.65804,
    "f1_score": 0.70565
  }
}